two,you,can,tell,if,its,picking,up,breath,noise,and,stuff,-,yeah,it,has,a,little,indicator,on,it,mmhmm,affirmative,-,-,on,the,afaf,-,-,-,so,if,you,left,-,-,-,-,-,-,-,-,yeah,if,you,breathe,under,-,-,breathe,and,then,you,see,af,go,off,then,you,know,okay,picking,up,your,mouth,nice,oh,thats,good,because,we,have,a,lot,of,both,-,test,in,fact,if,you,-,listen,to,just,the,channels,of,people,not,talking,its,like,-,very,what,did,you,see,hannibal,recently,or,something,laugh,exactly,its,very,disco,okay,so,um,i,was,gonna,try,to,get,out,of,here,like,in,half,an,hour,um,cuz,i,really,appreciate,people,coming,and,the,main,thing,that,i,was,gonna,ask,people,to,help,with,today,is,to,give,input,on,what,kinds,of,database,format,we,should,use,in,starting,to,link,up,things,like,word,transcripts,and,annotations,of,word,transcripts,so,anything,that,transcribers,or,discourse,coders,or,whatever,put,in,the,signal,with,time,marks,for,like,words,and,phone,boundaries,and,all,the,stuff,we,get,out,of,the,forced,alignments,and,the,recognizer,so,we,have,this,um,i,think,a,starting,point,is,clearly,the,the,channelized,output,of,dave,galts,program,which,don,brought,a,copy,of,yeah,im,im,-,-,familiar,with,that,i,-,-,-,mean,we,i,-,sort,of,already,have,developed,an,xml,-,format,for,this,sort,of,stuff,and,so,the,only,question,is,it,the,sort,of,thing,that,you,want,to,use,or,not,have,you,looked,at,that,i,mean,i,had,a,webpage,-,up,right,so,i,actually,mostly,need,to,be,able,to,link,up,or,-,you,mean,this,its,-,a,question,both,of,what,the,representation,is,-,okay,i,am,gonna,be,standing,up,and,drawing,for,-,yeah,so,you,should,definitely,-,-,-,um,so,so,it,definitely,had,that,as,a,concept,so,that,it,has,a,single,timeline,mmhmm,affirmative,and,then,you,can,have,lots,of,different,sections,each,of,which,have,ids,attached,to,it,and,then,you,can,refer,from,other,sections,to,those,ids,if,you,want,to,so,that,um,so,that,you,start,with,with,a,timeline,-,tag,timeline,-,and,then,you,have,a,bunch,of,times,i,dont,i,dont,remember,exactly,what,my,notation,was,but,oh,i,-,remember,seeing,yeah,-,-,-,-,yeah,t,equals,132,-,-,-,uh,and,then,i,i,-,also,had,optional,things,like,accuracy,and,then,id,equals,t,1,0,1,7,and,then,i,also,wanted,to,to,be,to,be,able,to,not,specify,specifically,what,the,time,was,right,and,just,have,a,stamp,yeah,so,these,are,arbitrary,assigned,by,a,program,not,not,by,-,users,so,you,have,a,whole,bunch,of,those,and,then,somewhere,further,down,you,might,have,something,like,an,utterance,tag,which,has,start,equals,t,17,and,equals,t,18,so,what,thats,saying,is,we,know,it,starts,at,this,particular,time,we,dont,know,when,it,ends,okay,right,but,it,ends,at,this,t,18,which,may,be,somewhere,else,we,say,theres,another,utterance,we,dont,know,what,the,time,actually,is,but,we,know,that,its,the,same,time,as,this,end,time,yeah,38,-,-,whatever,you,want,-,-,so,youre,essentially,defining,a,lattice,yes,exactly,yeah,and,then,uh,and,then,these,also,have,ids,right,so,you,could,you,could,have,some,sort,of,other,other,tag,later,in,the,file,that,would,be,something,like,um,oh,i,dont,know,uh,noise,type,equals,door,slam,you,know,laugh,and,then,uh,you,could,either,say,time,equals,a,particular,time,mark,or,you,could,do,other,sorts,of,references,so,or,or,you,might,have,a,proi,proi,d,right,d,t,its,an,o,instead,of,an,i,but,the,d,is,good,laugh,you,like,the,d,yeah,its,a,good,d,um,you,know,so,you,could,have,some,sort,of,type,here,and,then,you,could,have,um,the,utterance,that,its,referring,to,could,be,you,17,or,something,like,that,okay,so,i,mean,that,seems,that,seems,great,for,all,of,the,encoding,of,things,with,time,and,oh,well,um,i,i,guess,my,question,is,more,uh,what,what,do,you,do,with,say,a,forced,alignment,-,when,youve,got,all,these,phone,labels,and,what,do,you,do,if,you,just,conceptually,if,you,get,um,transcriptions,where,the,words,are,staying,but,the,time,boundaries,are,changing,cuz,youve,got,a,new,recognition,out,porters,sort,of,whats,the,um,sequence,-,of,going,from,the,waveforms,that,stay,the,same,the,transcripts,that,may,or,may,not,change,and,then,the,utterance,which,are,the,time,boundaries,that,may,or,may,not,change
-,-,-,-,-,-,-,-,-,-,-,-,-,-,-,-,-,-,-,-,-,-,-,-,-,-,-,-,-,-,-,-,-,-,-,-,-,-,-,-,-,-,-,-,-,-,-,-,-,-,-,-,-,-,-,-,-,-,-,-,-,-,-,-,-,-,-,-,-,-,-,-,-,-,-,-,-,-,-,-,-,-,-,-,-,-,-,-,-,-,-,-,-,-,-,-,-,-,-,-,-,-,-,-,-,-,-,-,-,-,-,-,-,-,-,-,-,-,-,-,-,-,-,-,-,-,-,-,-,-,-,-,-,-,-,-,-,-,-,-,-,-,-,-,-,-,-,-,-,-,-,-,-,-,-,-,-,-,-,-,-,-,-,-,-,-,-,-,-,-,-,-,-,-,-,-,-,-,-,-,-,-,-,-,-,-,-,-,-,-,-,-,-,-,-,-,-,-,-,-,-,-,-,-,-,-,-,-,-,-,-,-,-,-,-,-,-,-,-,-,-,-,-,-,-,-,-,-,-,-,-,-,-,-,-,-,-,-,-,-,-,-,-,-,-,-,-,-,-,-,-,-,-,-,-,-,-,-,-,-,-,-,-,-,-,-,-,-,-,-,-,-,-,-,-,-,-,-,-,-,-,-,-,-,-,-,-,-,-,-,-,-,-,-,-,-,-,-,-,-,-,-,-,-,-,-,-,-,-,-,-,-,-,-,-,-,-,-,-,-,-,-,-,-,-,-,-,-,-,-,-,-,-,-,-,-,-,-,-,-,-,-,-,-,-,-,-,-,-,-,-,-,-,-,-,-,-,-,-,-,-,-,-,-,-,-,-,-,-,-,-,-,-,-,-,-,-,-,-,-,-,-,-,-,-,-,-,-,-,-,-,-,-,-,-,-,-,-,-,-,-,-,-,-,-,-,-,-,-,-,-,-,-,-,-,-,-,-,-,-,-,-,-,-,-,-,-,-,-,-,Oh,-,I,remember,seeing,-,an,example,of,this,Yeah,-,-,-,-,-,-,-,-,-,-,-,-,-,-,-,-,-,-,-,-,-,-,-,-,-,-,-,-,-,-,-,-,-,-,-,-,-,-,-,-,-,-,-,-,-,-,-,-,-,-,-,-,-,-,-,-,-,-,-,-,-,-,-,-,-,-,-,-,-,-,-,-,-,-,-,-,-,-,-,-,-,-,-,-,-,-,-,-,-,-,-,-,-,-,-,-,-,-,-,-,-,-,-,-,-,-,-,-,-,-,-,-,-,-,-,-,-,-,-,-,-,-,-,-,-,-,-,-,-,-,-,-,-,-,-,-,-,-,-,-,-,-,-,-,-,-,-,-,-,-,-,-,-,-,-,-,-,-,-,-,-,-,-,Mmm,So,you're,essentially,defining,a,lattice,-,-,Yeah,-,-,-,-,-,-,-,-,-,-,-,-,-,-,-,-,-,-,-,-,-,-,-,-,-,-,-,-,-,-,-,-,-,-,-,-,-,-,-,-,-,-,-,-,-,-,-,-,-,-,-,-,-,-,-,-,-,-,-,-,-,-,-,-,-,-,-,-,-,-,-,-,-,-,-,-,-,-,-,-,-,-,-,-,-,-,-,-,-,-,-,-,-,-,-,-,-,-,-,-,-,-,-,-,-,-,-,-,-,-,-,-,-,-,-,-,-,-,-,-,-,-,-,-,-,-,-,-,-,-,-,-,-,-,-,-,-,-,-,-,-,-,-,-,-,-,-,-,-,-,-,-,-,-,-,-,-,-,-,-,-,-,-,-,-,-,-,-,-,-,-,-,-,-,-,-,-,-,-,-,-,-,-,-,-,-,-,-,-,-,-,-,-,-,-,-,-,-,-,-,-,-,-,-,-,-,-,-,-,-,-,-,-,-,-,-,-,-,-,-,How,-,-,-,-,-,-,-,-,-,-,-,-,-,-,-,-,-,-,-,-,-,-,-,-,-,-,-,-,-,-,-,-
Mm,-,-,-,-,-,-,-,-,-,-,-,hmm,Yeah,it,has,a,little,indicator,on,it,-,-,-,-,on,-,-,-,-,-,-,-,-,-,-,-,-,-,-,-,-,-,-,-,-,-,-,the,AF,-,-,-,-,-,-,-,-,-,-,-,-,-,-,-,-,Yep,-,-,-,-,-,-,-,-,-,-,-,Test,-,-,-,-,-,-,-,-,-,-,-,-,-,-,-,-,-,-,What,Did,you,see,Hannibal,recently,or,something,-,-,-,-,-,-,-,-,-,-,-,-,-,-,-,-,-,-,-,-,-,-,-,-,-,-,-,-,-,-,-,-,-,-,-,-,-,-,-,-,-,-,-,-,-,-,-,-,-,-,-,-,-,-,-,-,-,-,-,-,-,-,-,-,-,-,-,-,-,-,-,-,-,-,-,-,-,-,-,-,-,-,-,-,-,-,-,-,-,-,-,-,-,-,-,-,-,-,-,-,-,-,-,-,-,-,-,-,-,-,-,-,-,-,-,-,-,-,-,-,-,-,-,-,-,-,-,-,-,-,-,-,Yeah,-,Yeah,I'm,I'm,familiar,with,that,-,-,-,I,mean,we,-,I,sort,of,already,have,developed,an,-,XML,format,for,this,sort,of,stuff,And,so,the,only,question,is,it,the,sort,of,thing,that,you,want,to,use,or,not,Have,you,looked,at,that,I,mean,I,had,a,web,page,up,-,-,-,-,-,-,-,-,-,-,-,-,-,So,You,mean,this,-,-,-,-,-,-,-,-,-,-,I,guess,I,am,gonna,be,standing,up,and,drawing,-,-,-,-,-,-,-,on,the,board,Um,so,so,it,definitely,had,that,as,a,concept,So,-,it,has,a,single,-,time,line,and,then,you,can,have,lots,of,different,sections,each,of,which,have,Ds,attached,to,it,and,then,you,can,refer,from,other,sections,to,those,Ds,if,you,want,to,So,that,um,so,that,you,start,with,with,a,time,line,tag,Time,line,And,then,you,have,a,bunch,of,times,I,don't,I,don't,remember,exactly,what,my,notation,was,but,-,it,-,-,-,Yeah,-,-,-,-,-,-,equals,one,point,three,two,uh,And,then,-,I,I,also,had,optional,things,like,accuracy,and,then,ID,equals,one,uh,one,seven,-,And,then,I,also,wanted,to,to,be,to,be,able,to,not,specify,specifically,what,the,time,was,-,and,just,have,a,stamp,Yeah,so,these,are,arbitrary,assigned,by,a,program,not,not,by,a,user,So,you,have,a,whole,bunch,of,those,And,then,somewhere,further,down,you,might,have,something,like,an,utterance,tag,which,has,start,equals,seventeen,-,end,equals,eighteen,-,So,what,that,saying,is,we,know,it,starts,at,this,particular,time,We,don't,know,when,it,ends,-,Right,But,it,ends,at,this,eighteen,-,which,may,be,somewhere,else,We,say,there,another,utterance,We,don't,know,what,the,time,actually,is,but,we,know,that,it,the,same,time,as,this,end,time,You,know,thirty,eight,whatever,you,want,OK,-,-,-,-,-,-,-,Yes,exactly,-,And,then,uh,and,then,these,also,have,Ds,Right,So,you,could,you,could,have,some,sort,of,other,other,tag,later,in,the,file,that,would,be,something,like,um,oh,I,don't,know,uh,noise,type,equals,door,slam,You,know,-,And,then,uh,you,could,either,say,time,equals,a,particular,time,mark,or,you,could,do,other,sorts,of,references,So,or,or,you,might,have,a,prosody,Prosody,-,right,-,-,-,-,-,-,-,-,-,-,-,-,-,-,-,You,like,the,That,-,-,a,good,-,Um,you,know,so,you,could,have,some,sort,of,type,here,and,then,you,could,have,um,the,utterance,that,it,referring,to,could,be,-,seventeen,or,something,like,that,-,-,-,-,-,-,-,-,-,-,-,-,-,-,-,-,-,-,-,Oh,well,-,-,-,-,-,-,-,-,-,-,-,-,-,-,-,-,-,-,-,-,-,-,-,-,-,-,-,-,-,-,-,-,-,-,-,-,-,-,-,-,-,-,-,-,-,-,-,-,-,-,-,-,-,-,-,-,-,-,-,-,-,-,-,-,-,-,-,-,-,-,-,-,-,-,-,-,-,-,-,-,-,-,-,-,-,-,-,-,-,-,-,-,-,-,-,-,-,-,-
-,You,can,tell,if,it,picking,up,breath,noise,and,stuff,-,-,-,-,-,-,-,-,-,-,-,-,-,-,-,-,-,Mm,hmm,So,if,you,-,-,-,-,-,-,-,-,-,yeah,if,you,breathe,under,-,-,breathe,and,then,you,see,AF,go,off,then,you,know,it,picking,up,your,mouth,-,-,-,-,-,-,-,-,-,-,-,-,-,-,-,-,-,noise,-,-,-,-,-,-,-,-,-,-,-,-,-,-,-,-,-,-,-,-,-,-,-,-,-,-,-,-,-,-,-,-,-,-,-,-,-,-,-,-,-,-,-,-,-,-,-,-,-,-,-,-,-,-,-,-,-,-,-,-,-,-,-,-,-,-,-,-,-,-,-,-,-,-,-,-,-,-,-,-,-,-,-,-,-,-,-,-,-,-,-,-,-,-,-,-,-,-,-,-,-,-,-,-,-,-,-,-,-,-,-,-,-,-,-,-,-,-,-,-,-,-,-,-,-,-,-,-,-,-,-,-,-,-,-,-,-,-,-,-,-,-,-,-,-,-,-,-,-,-,-,-,-,-,-,-,-,-,-,-,-,Can,I,see,-,-,-,it,-,-,-,-,-,-,-,-,-,-,-,-,-,-,-,-,-,-,-,-,-,-,-,-,-,-,-,-,-,-,-,-,-,-,-,-,-,-,-,-,-,-,-,-,-,-,-,-,-,-,-,-,-,-,-,-,-,-,-,-,-,-,-,-,-,-,-,-,-,-,-,-,-,-,-,-,-,-,-,-,-,-,-,-,-,-,-,-,-,-,-,-,-,-,-,-,-,-,-,-,-,-,-,-,-,-,-,-,-,-,-,-,-,-,-,-,-,-,-,-,-,-,-,-,-,-,-,-,-,-,-,-,-,-,-,-,-,-,-,-,-,-,-,-,-,-,-,-,-,-,-,-,-,-,-,-,-,-,-,-,-,-,-,-,-,-,-,-,-,-,-,-,-,-,-,-,-,-,-,-,-,-,-,-,-,-,-,-,-,-,-,-,-,-,-,-,-,-,-,-,-,-,-,-,-,-,-,-,-,-,-,-,-,-,-,-,-,-,-,-,-,-,-,-,-,-,-,-,-,-,-,-,-,-,-,-,-,-,-,-,-,-,-,-,-,-,-,-,-,-,-,-,-,-,-,-,-,-,-,-,-,-,-,-,-,-,-,-,-,-,-,-,-,-,-,-,-,-,-,-,-,-,-,-,-,-,-,-,-,-,-,-,-,-,-,-,-,-,-,-,-,-,-,-,-,-,-,-,-,-,-,-,-,-,-,-,-,-,-,-,-,-,-,-,-,-,-,-,-,-,-,-,-,-,-,-,-,-,-,-,-,-,-,-,-,-,-,-,-,-,-,-,-,-,-,-,-,-,-,-,-,-,-,-,-,-,-,-,-,-,-,-,-,-,-,-,-,-,-,-,-,-,-,-,-,-,-,-,-,-,-,-,-,-,-,-,-,-,-,-,-,-,-,-,-,-,-,-,-,-,-,-,-,-,-,-,-,-,-,-,-,-,-,-,-,-,-,-,-,-,-,-,-,-,-,-,-,-,-,-,-,-,-,-,-,-,-,-,-,-,-,-,-,-,-,-,-,-,-,-,-,-,-,-,-,-,-,-,-,-,-,-,-,-,-,-,-,-,-,-,-,-,-,-,-,-,-,-,-,-,-,-,-,-,-,-,-,-,-,-,-,-,-,-,-,-,-,-,-,-,-,-,-,-,-,-,-,-,-,-,-,-,-,-,-,-,-,-,-,-,-,-,-,-,-,-,-,-,-,-,-,-,-,-,-,-,-,-,-,-,-,-,-,-,-,-,-,-,-,-,-,-,-,-,-,-,-,-,-,-,-,-,-,-,-,-,-,-,-,-,-,-,-,-,-,-,-,-,-,-,-,-,-,-,-,-,-,-,-,-,-,-,-,-,-,-,-,-,-,-,-,-,-,-,-
-,-,-,-,-,-,-,-,-,-,-,-,-,-,-,-,-,-,-,-,-,Oh,really,Oh,that,-,the,gains,I've,-,-,-,-,-,left,here,as,the,sort,of,normal,ones,but,-,-,-,-,-,-,-,-,-,-,-,-,-,-,-,-,-,-,-,-,-,-,-,-,Oh,that,good,Cuz,we,have,a,lot,of,breath,noises,-,In,fact,if,you,-,listen,to,just,the,channels,of,people,not,talking,it,like,It,very,-,-,-,-,-,-,-,-,Sorry,Exactly,It,very,disconcerting,OK,So,um,I,was,gonna,try,to,get,out,of,here,like,in,half,an,hour,um,cuz,I,really,appreciate,people,coming,and,the,main,thing,that,I,was,gonna,ask,people,to,help,with,today,is,to,give,input,on,what,kinds,of,database,format,we,should,use,in,starting,to,link,up,things,like,word,transcripts,and,annotations,of,word,transcripts,so,anything,that,transcribers,or,discourse,coders,or,whatever,put,in,the,signal,with,time,marks,for,like,words,and,phone,boundaries,and,all,the,stuff,we,get,out,of,the,forced,alignments,and,the,recognizer,So,we,have,this,um,I,think,a,starting,point,is,clearly,the,the,channelized,output,of,Dave,Gelbart,program,which,Don,brought,a,copy,of,-,um,-,-,-,-,-,-,-,-,-,-,-,-,-,-,-,-,-,-,-,-,which,-,-,-,-,-,-,-,-,-,-,-,-,-,-,-,-,-,-,-,-,-,-,-,-,-,-,-,-,-,-,-,-,-,-,-,-,-,-,Right,So,I,actually,mostly,need,to,be,able,to,link,up,or,-,-,-,-,it,it,a,question,both,of,what,the,representation,is,-,-,-,-,-,-,-,-,-,-,and,OK,yeah,So,you,should,definitely,-,-,-,-,-,-,-,-,-,-,-,-,-,-,Mm,-,-,-,-,hmm,-,-,-,-,-,-,-,-,-,-,-,-,-,-,-,-,-,-,-,-,-,-,-,-,-,-,-,-,-,-,-,-,-,-,-,-,-,-,-,-,-,-,-,-,-,-,-,-,-,-,-,-,-,-,-,-,-,-,-,-,-,-,-,-,-,-,-,-,-,-,-,-,-,-,-,-,-,-,-,Right,-,-,-,-,-,-,-,-,right,-,-,-,-,-,-,-,-,-,-,-,-,-,-,-,-,-,-,-,-,-,-,-,-,-,-,-,-,-,-,-,-,-,-,-,-,Right,-,-,-,-,-,-,-,-,-,-,-,-,-,-,-,-,-,-,-,-,-,-,-,-,-,-,-,-,-,-,-,-,-,-,-,-,-,-,-,-,-,-,-,-,-,-,-,-,-,-,-,-,-,-,-,-,-,-,-,-,-,-,-,-,-,-,-,-,-,OK,-,-,-,-,-,-,-,-,-,-,-,-,-,-,-,-,-,-,-,-,-,-,-,-,-,-,-,-,-,-,-,-,-,-,-,-,-,-,-,-,-,-,-,-,-,-,-,-,-,-,-,-,-,-,-,-,-,-,-,-,-,-,-,-,-,-,-,-,-,-,-,-,-,-,-,-,-,-,-,-,-,-,-,-,-,-,-,-,-,-,-,-,-,-,-,-,-,-,-,-,-,-,-,-,-,-,-,-,-,-,-,-,-,-,-,-,-,-,-,-,-,-,-,-,-,-,-,-,-,-,-,-,-,-,It,-,an,-,instead,of,an,-,but,the,-,is,good,-,-,-,-,-,Yeah,-,-,-,-,-,-,-,-,-,-,-,-,-,-,-,-,-,-,-,-,-,-,-,-,-,-,-,-,-,-,OK,-,-,-,-,-,-,So,I,mean,that,seems,that,seems,great,for,all,of,the,encoding,of,things,with,time,and,-,-,um,I,I,guess,my,question,is,more,uh,what,what,do,you,do,with,say,a,forced,alignment,I,mean,you've,got,all,these,phone,labels,and,what,do,you,do,if,you,just,conceptually,if,you,get,um,transcriptions,where,the,words,are,staying,but,the,time,boundaries,are,changing,cuz,you've,got,a,new,recognition,output,or,sort,of,what,the,um,sequence,-,of,going,from,the,waveforms,that,stay,the,same,the,transcripts,that,may,or,may,not,change,and,then,the,-,-,-,-,-,-,-,-,-,-,-,-
mismatch,partially match,fully match,fully match,fully match,partially match,fully match,fully match,fully match,fully match,fully match,fully match,gap,partially match,fully match,fully match,fully match,fully match,fully match,fully match,fully match,mismatch,mismatch,gap,gap,fully match,fully match,mismatch,gap,gap,gap,partially match,fully match,fully match,fully match,gap,gap,gap,gap,gap,gap,gap,gap,fully match,fully match,fully match,fully match,fully match,gap,gap,fully match,fully match,fully match,fully match,fully match,mismatch,fully match,fully match,fully match,fully match,fully match,mismatch,fully match,fully match,fully match,fully match,mismatch,partially match,partially match,fully match,mismatch,fully match,fully match,fully match,fully match,fully match,mismatch,gap,partially match,partially match,fully match,fully match,fully match,gap,fully match,fully match,fully match,fully match,fully match,fully match,fully match,fully match,fully match,partially match,fully match,gap,fully match,partially match,partially match,fully match,fully match,partially match,fully match,fully match,fully match,mismatch,partially match,mismatch,fully match,mismatch,mismatch,partially match,fully match,partially match,fully match,fully match,fully match,fully match,fully match,fully match,fully match,fully match,fully match,fully match,fully match,fully match,fully match,fully match,fully match,partially match,fully match,fully match,fully match,fully match,fully match,fully match,fully match,fully match,fully match,partially match,fully match,fully match,fully match,fully match,fully match,fully match,fully match,fully match,fully match,fully match,fully match,fully match,fully match,fully match,fully match,fully match,fully match,fully match,fully match,fully match,fully match,fully match,fully match,fully match,fully match,fully match,fully match,fully match,fully match,fully match,fully match,fully match,fully match,fully match,fully match,fully match,fully match,fully match,fully match,fully match,fully match,fully match,fully match,fully match,fully match,fully match,fully match,fully match,fully match,fully match,fully match,fully match,fully match,fully match,fully match,fully match,fully match,fully match,fully match,fully match,fully match,fully match,fully match,fully match,fully match,fully match,fully match,fully match,fully match,fully match,fully match,partially match,fully match,fully match,fully match,fully match,partially match,fully match,fully match,fully match,fully match,fully match,fully match,fully match,fully match,fully match,fully match,fully match,partially match,mismatch,fully match,fully match,partially match,fully match,fully match,fully match,fully match,partially match,partially match,mismatch,gap,gap,fully match,fully match,fully match,mismatch,gap,gap,gap,fully match,fully match,partially match,gap,fully match,fully match,fully match,fully match,fully match,fully match,mismatch,gap,fully match,fully match,fully match,fully match,fully match,fully match,partially match,fully match,fully match,fully match,fully match,fully match,fully match,fully match,fully match,fully match,fully match,fully match,fully match,fully match,fully match,fully match,fully match,fully match,partially match,fully match,fully match,fully match,fully match,partially match,fully match,partially match,fully match,fully match,mismatch,gap,fully match,partially match,partially match,partially match,fully match,fully match,fully match,fully match,fully match,fully match,fully match,fully match,fully match,fully match,gap,partially match,fully match,fully match,partially match,gap,fully match,fully match,fully match,fully match,fully match,fully match,fully match,fully match,gap,mismatch,partially match,fully match,fully match,fully match,fully match,fully match,fully match,fully match,mismatch,gap,fully match,partially match,fully match,fully match,fully match,gap,gap,gap,partially match,fully match,fully match,fully match,fully match,fully match,fully match,fully match,fully match,fully match,partially match,mismatch,fully match,fully match,fully match,fully match,mismatch,mismatch,mismatch,fully match,fully match,fully match,fully match,fully match,fully match,fully match,fully match,fully match,fully match,fully match,fully match,fully match,mismatch,fully match,fully match,fully match,fully match,fully match,fully match,fully match,fully match,fully match,fully match,fully match,fully match,fully match,mismatch,fully match,fully match,fully match,fully match,partially match,fully match,fully match,fully match,fully match,fully match,fully match,fully match,fully match,fully match,mismatch,gap,fully match,mismatch,gap,partially match,fully match,fully match,fully match,fully match,fully match,fully match,fully match,partially match,partially match,partially match,partially match,fully match,fully match,fully match,fully match,fully match,fully match,fully match,partially match,partially match,gap,fully match,fully match,partially match,gap,gap,gap,gap,partially match,mismatch,fully match,mismatch,gap,gap,gap,fully match,partially match,fully match,mismatch,partially match,gap,fully match,fully match,fully match,fully match,fully match,fully match,fully match,fully match,mismatch,fully match,mismatch,mismatch,mismatch,mismatch,gap,partially match,fully match,partially match,fully match,fully match,fully match,fully match,fully match,fully match,fully match,fully match,fully match,fully match,fully match,fully match,fully match,fully match,fully match,fully match,partially match,fully match,fully match,fully match,fully match,fully match,partially match,fully match,fully match,fully match,fully match,fully match,fully match,fully match,fully match,fully match,fully match,fully match,gap,partially match,partially match,fully match,fully match,fully match,fully match,fully match,fully match,fully match,partially match,fully match,fully match,fully match,fully match,fully match,fully match,fully match,fully match,fully match,fully match,fully match,fully match,fully match,fully match,fully match,fully match,mismatch,gap,partially match,fully match,mismatch,gap,partially match,fully match,partially match,fully match,fully match,fully match,fully match,fully match,fully match,fully match,fully match,fully match,fully match,partially match,partially match,fully match,fully match,fully match,fully match,mismatch,partially match,partially match,fully match,fully match,fully match,fully match,mismatch,gap,fully match,fully match,fully match,fully match,fully match,partially match,fully match,partially match,fully match,fully match,partially match,partially match,fully match,fully match,fully match,fully match,fully match,fully match,fully match,fully match,fully match,fully match,partially match,fully match,fully match,fully match,fully match,fully match,fully match,fully match,mismatch,mismatch,gap,gap,fully match,fully match,fully match,gap,gap,partially match,partially match,fully match,fully match,fully match,fully match,partially match,fully match,partially match,partially match,fully match,fully match,fully match,fully match,fully match,fully match,fully match,mismatch,partially match,partially match,fully match,fully match,fully match,fully match,fully match,fully match,fully match,fully match,fully match,fully match,fully match,fully match,fully match,fully match,fully match,fully match,fully match,fully match,fully match,fully match,fully match,fully match,partially match,partially match,fully match,fully match,fully match,fully match,fully match,fully match,fully match,partially match,fully match,gap,partially match,fully match,fully match,fully match,fully match,fully match,fully match,fully match,fully match,fully match,fully match,fully match,fully match,fully match,fully match,fully match,fully match,fully match,fully match,fully match,fully match,partially match,fully match,fully match,fully match,fully match,fully match,fully match,mismatch,mismatch,gap,fully match,gap,partially match,gap,fully match,gap,fully match,fully match,fully match,gap,fully match,fully match,gap,fully match,fully match,gap,partially match,fully match,fully match,mismatch,partially match,gap,fully match,fully match,gap,partially match,fully match,fully match,fully match,fully match,fully match,fully match,fully match,fully match,fully match,fully match,fully match,fully match,fully match,fully match,fully match,fully match,fully match,fully match,fully match,fully match,partially match,fully match,fully match,fully match,fully match,mismatch,mismatch,fully match,fully match,fully match,fully match,gap,partially match,partially match,fully match,fully match,fully match,fully match,fully match,fully match,fully match,fully match,fully match,fully match,fully match,fully match,fully match,fully match,fully match,fully match,partially match,fully match,fully match,partially match,partially match,fully match,fully match,fully match,fully match,fully match,fully match,fully match,fully match,fully match,fully match,fully match,fully match,fully match,fully match,fully match,fully match,gap,mismatch,partially match,fully match,fully match,fully match,fully match,fully match,fully match,fully match,fully match,fully match,fully match,fully match,fully match,fully match,fully match,fully match,fully match,fully match,fully match,fully match,fully match,fully match,fully match,fully match,fully match,fully match,fully match,fully match,fully match,fully match,fully match,fully match,partially match,fully match,fully match,fully match,fully match,mismatch,mismatch,fully match,fully match,partially match,fully match,fully match,fully match,gap,fully match,fully match,fully match,fully match,fully match,fully match,fully match,fully match,fully match,fully match,fully match,fully match,fully match,fully match,fully match,fully match,fully match,fully match,fully match,fully match,gap,gap,gap,gap,gap,gap,gap,gap,gap,gap,gap,gap
430,-1,433,434,-1,-1,-1,-1,440,-1,605,606,607,608,609,610,613,-1
0,-1,13,14,15,16,17,18,19,20,25,-1,-1,66,78,97,98,99,100,101,102,103,104,237,239,-1,-1,242,243,244,-1,249,250,-1,253,254,255,256,257,258,-1,261,262,263,264,265,266,267,268,269,270,271,272,273,274,275,276,277,278,279,280,281,282,283,284,285,286,287,288,289,290,291,292,293,294,295,-1,297,-1,312,313,314,-1,326,327,328,329,330,331,332,333,334,-1,-1,-1,345,346,347,348,349,350,351,352,353,354,355,357,358,359,360,362,363,364,365,366,367,368,369,370,371,372,373,374,375,376,377,378,379,380,381,382,383,384,385,386,387,388,389,390,391,392,393,394,395,396,397,398,399,400,401,402,403,404,405,406,-1,408,409,-1,411,412,413,414,415,416,417,418,419,420,421,422,423,424,425,426,427,428,429,431,435,442,443,-1,-1,-1,447,448,449,451,-1,453,454,455,456,457,458,459,460,461,462,463,464,465,466,468,469,470,471,472,473,474,475,476,477,478,479,480,481,482,483,484,485,486,488,489,490,491,492,493,494,495,496,497,498,499,500,501,502,503,504,-1,506,507,508,509,510,511,512,513,514,515,516,517,518,519,520,521,522,523,524,525,526,527,528,529,530,531,532,534,535,536,538,539,540,541,542,543,544,545,546,547,548,549,550,551,552,553,554,555,556,558,559,560,561,562,563,564,566,567,568,569,570,571,572,573,574,575,576,577,578,579,580,581,582,583,584,585,586,587,588,589,590,591,592,593,594,595,596,597,-1,-1,600,601,602,-1,611,612,614,615,616,617,618,619,620,621,622,623,624,625,626,627,628,629,630,631,632,633,634,635,636,637,638,639,640,641,642,643,644,645,646,647,648,649,650,651,652,653,654,655,656,657,659,660,661,662,663,664,665,666,667,668,669,670,671,672,673,674,675,676,677,678,679,680,681,682,683,684,685,686,687,688,690,706,707,708,709,712,713,715,716,717,718,719,720,721,722,723,724,725,726,727,728,729,730,731,732,733,734,735,736,737,738,739,740,742,743,744,745,746,766,767
1,2,3,4,5,6,7,8,9,10,11,-1,-1,31,32,33,43,44,45,46,47,50,51,52,53,54,55,56,57,58,59,60,61,62,63,64,65,-1,245,-1,-1,251
21,22,-1,-1,26,27,-1,34,-1,-1,-1,-1,-1,-1,-1,-1,67,68,69,70,71,72,73,74,75,76,-1,79,80,81,82,84,85,86,87,88,89,90,91,92,93,94,-1,96,105,106,107,108,109,110,111,112,113,114,115,116,117,118,119,120,121,122,123,124,125,126,127,128,129,130,131,132,133,134,135,136,137,138,139,140,141,142,143,144,145,146,147,148,149,150,151,152,153,154,155,156,157,158,159,160,161,162,163,164,165,166,167,168,169,170,171,172,173,174,175,176,177,178,179,180,181,182,183,184,185,186,187,188,189,190,191,192,193,194,195,196,197,198,199,200,201,202,203,204,205,206,207,208,209,210,211,212,213,214,215,216,217,218,219,220,221,222,223,224,225,226,227,228,229,230,231,232,233,234,235,236,238,259,298,299,300,301,302,303,304,305,306,307,308,309,310,315,-1,317,318,319,320,321,322,323,324,335,-1,337,338,339,340,341,356,361,441,450,487,557,692,694,696,697,698,700,701,703,704,710,741,748,749,750,751,752,753,754,755,756,757,758,759,760,761,762,763,764,765,768,769,770,771,772,773,774,775,776,777,778,779,780,781,782,783,784,785,786,-1,788,789,790,791,792,793,794,795,796,797,798,799,800,801,802,803,804,805,806,807,808,809,810,811,812,813,814,815,816,817,818,819,820,821,822,823,824,825,826,827,828,829,830,831,832,833,835,836,837,838,839,840,841,842,843,844,845,846,847,848,849,850,851,852,853,854
431,432,433,434,435,436,437,438,439,592,600,601,602,603,604,605,609,787
0,1,13,14,15,16,17,18,19,20,21,22,23,78,79,98,99,100,101,102,103,104,105,237,238,239,240,241,242,243,244,245,246,247,248,249,250,251,252,253,254,255,262,263,264,265,266,267,268,269,270,271,272,273,274,275,276,277,278,279,280,281,282,283,284,285,286,287,288,289,290,291,292,293,294,295,296,297,311,312,313,314,326,327,328,329,330,331,332,333,334,335,336,337,338,345,346,347,348,349,350,351,352,353,354,355,356,357,358,359,360,361,364,365,366,367,368,369,370,371,372,373,374,375,376,377,378,379,380,381,382,383,384,385,386,387,388,389,390,391,392,393,394,395,396,397,398,399,400,401,402,403,404,405,406,407,408,409,410,411,412,413,414,415,416,417,418,419,420,421,422,423,424,425,426,427,428,429,430,442,443,444,445,446,447,448,449,450,451,452,453,454,455,456,457,458,459,460,461,462,463,464,465,466,467,468,469,470,471,472,473,474,475,476,477,478,479,480,481,482,483,484,485,486,487,488,489,490,492,493,494,495,496,497,498,499,500,501,502,503,504,505,506,507,508,509,510,511,512,513,514,515,516,517,518,519,520,521,522,523,524,525,526,527,528,529,530,531,532,533,534,535,536,537,538,539,540,541,542,543,544,545,546,547,548,549,550,551,552,553,555,556,557,558,559,560,561,562,563,564,565,566,567,568,569,570,571,572,573,574,575,576,577,578,579,580,581,582,583,584,585,586,587,588,589,590,591,593,594,595,596,597,598,599,606,607,608,610,611,612,613,614,615,616,617,618,619,620,621,622,623,624,625,626,627,628,629,630,631,632,633,634,635,636,637,638,639,640,641,642,643,644,645,646,647,648,649,650,651,652,653,654,655,656,657,658,659,660,661,662,663,664,665,666,667,668,669,670,671,672,673,674,675,676,677,678,679,680,681,682,683,684,694,695,696,697,698,699,701,702,703,704,705,706,707,708,709,710,711,712,713,714,715,716,717,718,719,720,721,722,723,724,725,726,727,728,729,730,731,751,752
2,3,4,5,6,7,8,9,10,11,12,24,25,42,43,44,45,46,47,48,49,50,51,52,53,54,55,56,57,58,59,60,61,62,63,64,65,66,258,259,260,261
26,27,28,29,30,31,32,33,34,35,36,37,38,39,40,41,67,68,69,70,71,72,73,74,75,76,77,80,81,82,83,84,85,86,87,88,89,90,91,92,93,94,95,96,97,106,107,108,109,110,111,112,113,114,115,116,117,118,119,120,121,122,123,124,125,126,127,128,129,130,131,132,133,134,135,136,137,138,139,140,141,142,143,144,145,146,147,148,149,150,151,152,153,154,155,156,157,158,159,160,161,162,163,164,165,166,167,168,169,170,171,172,173,174,175,176,177,178,179,180,181,182,183,184,185,186,187,188,189,190,191,192,193,194,195,196,197,198,199,200,201,202,203,204,205,206,207,208,209,210,211,212,213,214,215,216,217,218,219,220,221,222,223,224,225,226,227,228,229,230,231,232,233,234,235,236,256,257,298,299,300,301,302,303,304,305,306,307,308,309,310,315,316,317,318,319,320,321,322,323,324,325,339,340,341,342,343,344,362,363,440,441,491,554,685,686,687,688,689,690,691,692,693,700,732,733,734,735,736,737,738,739,740,741,742,743,744,745,746,747,748,749,750,753,754,755,756,757,758,759,760,761,762,763,764,765,766,767,768,769,770,771,772,773,774,775,776,777,778,779,780,781,782,783,784,785,786,788,789,790,791,792,793,794,795,796,797,798,799,800,801,802,803,804,805,806,807,808,809,810,811,812,813,814,815,816,817,818,819,820,821,822,823,824,825,826,827,828,829,830,831,832,833,834,835,836,837,838,839
A,C,D,F
2,2,2,2,2,2,2,2,2,2,2,2,-,0,0,0,0,0,0,0,0,0,0,-,-,0,0,0,-,-,-,2,2,2,2,-,-,-,-,-,-,-,-,2,2,2,2,2,-,-,2,2,2,2,2,2,2,2,2,2,2,2,2,2,2,2,1,1,1,1,1,1,1,1,1,1,1,-,1,1,1,1,1,-,1,1,1,1,1,1,1,1,1,1,1,-,1,0,0,0,0,0,0,0,1,1,1,1,1,1,1,1,1,1,1,1,1,1,1,1,1,1,1,1,1,1,1,1,1,1,1,1,1,1,1,1,1,1,1,1,1,1,1,1,1,1,1,1,1,1,1,1,1,1,1,1,1,1,1,1,1,1,1,1,1,1,1,1,1,1,1,1,1,1,1,1,1,1,1,1,1,1,1,1,1,1,1,1,1,1,1,1,1,1,1,1,1,1,1,1,1,1,1,1,1,1,1,1,1,1,1,1,1,1,1,1,1,1,1,1,1,1,1,1,1,1,1,1,1,1,1,1,1,1,1,1,1,0,0,0,-,-,0,0,0,0,-,-,-,0,0,0,-,0,0,0,0,0,0,0,-,0,0,0,0,0,0,0,0,0,0,0,0,0,0,0,0,0,0,0,0,0,0,0,0,0,0,0,0,0,0,0,0,0,0,0,-,0,1,1,1,1,1,1,1,1,1,1,1,1,1,-,0,1,1,1,-,1,1,1,1,1,1,0,0,-,0,0,0,0,0,0,0,0,0,1,-,1,1,1,1,1,-,-,-,0,0,0,0,0,0,0,0,0,0,0,0,0,0,0,0,0,0,0,0,0,0,0,0,0,0,0,0,0,0,0,0,0,0,0,0,0,0,0,0,0,0,0,0,0,0,0,0,0,0,0,0,0,0,0,0,0,0,0,0,0,0,-,0,0,-,0,0,0,0,0,0,0,0,0,0,0,0,0,0,0,0,0,0,0,0,1,-,1,1,0,-,-,-,-,0,0,0,0,-,-,-,0,0,0,0,0,-,0,0,0,0,0,0,0,0,0,0,0,0,0,0,0,0,0,0,0,0,0,0,0,0,0,0,0,0,0,0,0,0,0,0,0,0,0,0,0,0,0,0,0,0,0,0,0,0,0,0,0,0,-,0,0,0,0,0,0,0,0,0,0,0,0,0,0,0,0,0,0,0,0,0,0,0,0,0,0,0,0,0,0,0,0,0,0,0,0,0,0,0,0,0,0,0,0,0,0,0,0,0,0,0,0,0,0,0,0,0,0,0,0,0,0,0,0,0,0,0,0,0,0,0,0,0,0,0,0,0,0,0,0,0,0,0,0,0,0,0,0,0,0,0,0,-,-,0,0,0,-,-,4,4,4,4,4,4,0,0,3,0,0,0,0,0,0,0,0,0,0,0,0,0,0,0,0,0,0,0,0,0,0,0,0,0,0,0,0,0,0,0,0,0,0,0,0,0,0,0,0,0,0,0,0,0,0,0,0,0,0,0,0,0,0,0,0,0,0,0,0,0,0,0,0,0,0,0,0,0,0,0,0,0,0,0,0,0,0,1,1,1,1,1,1,1,1,1,1,1,1,1,0,0,0,0,0,0,0,0,0,0,0,0,0,0,0,0,0,0,0,0,0,0,0,0,0,0,0,0,0,0,0,0,0,0,0,0,0,0,0,0,0,0,1,1,1,1,1,1,1,1,1,1,1,1,1,1,1,1,1,1,1,1,1,1,1,1,1,1,1,1,1,1,1,1,1,1,1,1,1,1,1,1,-,1,1,1,1,1,1,1,1,1,1,1,1,1,1,1,1,1,1,1,1,1,1,1,1,1,1,1,1,1,1,1,1,1,1,1,1,1,1,1,1,1,1,1,1,1,1,-,1,1,1,1,1,1,1,1,1,1,1,1,1,1,1,1,1,1,1,1,1,1,1,1,1,1,1,1,1,1,1,1
